shellbark-hickory.jpg,1
jeffrey-pine.jpg,2
balsam-fir.jpg,3
guatemalan-mora.jpg,4
manzanita.jpg,5
horse-chestnut.jpg,6
spruce-pine.jpg,7
tasmanian-myrtle.jpg,8
white-fir.jpg,9
east-indian-rosewood.jpg,10
mulberry.jpg,11
gray-box.jpg,12
european-aspen.jpg,13
sourwood.jpg,14
utile.jpg,15
alligator-juniper.jpg,16
european-ash.jpg,17
western-hemlock.jpg,18
balau.jpg,19
cape-holly.jpg,20
mountain-mahogany.jpg,21
andaman-padauk.jpg,22
european-hornbeam.jpg,23
pau-rosa.jpg,24
sitka-spruce.jpg,25
english-oak.jpg,26
red-spruce.jpg,27
avodire.jpg,28
lati.jpg,29
loblolly-pine.jpg,30
hububalli.jpg,31
swamp-white-oak.jpg,32
katalox.jpg,33
black-spruce.jpg,34
amazon-rosewood.jpg,35
okoume.jpg,36
rengas.jpg,37
bitternut-hickory.jpg,38
nandubay.jpg,39
box-elder.jpg,40
pignut-hickory.jpg,41
chakte-viga.jpg,42
wych-elm.jpg,43
incense-cedar.jpg,44
gowen-cypress.jpg,45
brazilian-rosewood.jpg,46
white-meranti.jpg,47
london-plane.jpg,48
bocote.jpg,49
cucumbertree.jpg,50
guanacaste.jpg,51
alaskan-yellow-cedar.jpg,52
yellowheart.jpg,53
black-tupelo.jpg,54
merbau.jpg,55
light-red-meranti.jpg,56
ipe.jpg,57
spanish-cedar.jpg,58
itin.jpg,59
pacific-silver-fir.jpg,60
rhodesian-teak.jpg,61
red-maple.jpg,62
douglas-fir.jpg,63
karri.jpg,64
california-red-fir.jpg,65
sumac.jpg,66
afzelia.jpg,67
wormy-chestnut.jpg,68
blue-gum.jpg,69
red-elm.jpg,70
nutmeg-hickory.jpg,71
bloodwood.jpg,72
jicarillo.jpg,73
kauri.jpg,74
water-oak.jpg,75
pink-ivory.jpg,76
madrone.jpg,77
cuban-mahogany.jpg,78
red-pine.jpg,79
slash-pine.jpg,80
balsam-poplar.jpg,81
kempas.jpg,82
buckeye.jpg,83
black-ash.jpg,84
red-palm.jpg,85
sapele.jpg,86
cedar-of-lebanon.jpg,87
atlantic-white-cedar.jpg,88
nyatoh.jpg,89
red-oak.jpg,90
tanoak.jpg,91
american-hornbeam.jpg,92
koto.jpg,93
swamp-mahogany.jpg,94
winged-elm.jpg,95
curly-maple.jpg,96
southern-magnolia.jpg,97
sweet-chestnut.jpg,98
iroko.jpg,99
tatajuba.jpg,100
tambootie.jpg,101
albizia.jpg,102
verawood.jpg,103
plum.jpg,104
black-and-white-ebony.jpg,105
poplar.jpg,106
jatoba.jpg,107
maritime-pine.jpg,108
kingwood.jpg,109
movingui.jpg,110
willow-oak.jpg,111
black-palm.jpg,112
mountain-ash.jpg,113
purpleheart.jpg,114
west-indian-satinwood.jpg,115
narra.jpg,116
queensland-maple.jpg,117
black-maple.jpg,118
yucatan-rosewood.jpg,119
tamarack.jpg,120
sugar-pine.jpg,121
southern-silky-oak.jpg,122
australian-red-cedar.jpg,123
european-yew.jpg,124
zitan.jpg,125
goncalo-alves.jpg,126
american-chestnut.jpg,127
gaboon-ebony.jpg,128
red-alder.jpg,129
yellow-gum.jpg,130
mansonia.jpg,131
african-mahogany.jpg,132
oregon-ash.jpg,133
rock-elm.jpg,134
ziricote.jpg,135
camelthorn.jpg,136
honduran-rosewood.jpg,137
snakewood.jpg,138
pin-oak.jpg,139
laburnum.jpg,140
osage-orange.jpg,141
peroba-rosa.jpg,142
shittim.jpg,143
argentine-osage-orange.jpg,144
hard-maple.jpg,145
honey-mesquite.jpg,146
ebiara.jpg,147
engelmann-spruce.jpg,148
monkey-puzzle.jpg,149
redwood.jpg,150
california-black-oak.jpg,151
quaking-aspen.jpg,152
shortleaf-pine.jpg,153
pond-pine.jpg,154
bubinga.jpg,155
black-locust.jpg,156
beli.jpg,157
santos-mahogany.jpg,158
khasi-pine.jpg,159
holm-oak.jpg,160
mockernut-hickory.jpg,161
chestnut-oak.jpg,162
parana-pine.jpg,163
pinyon-pine.jpg,164
sumatran-pine.jpg,165
lacewood.jpg,166
afrormosia.jpg,167
amendoim.jpg,168
american-elm.jpg,169
monterey-cypress.jpg,170
eastern-cottonwood.jpg,171
monkeythorn.jpg,172
post-oak.jpg,173
sweetbay.jpg,174
sand-pine.jpg,175
greenheart.jpg,176
european-beech.jpg,177
beefwood.jpg,178
norway-spruce.jpg,179
english-walnut.jpg,180
pistachio.jpg,181
bamboo.jpg,182
jelutong.jpg,183
western-white-pine.jpg,184
grand-fir.jpg,185
prosopis-juliflora.jpg,186
tzalam.jpg,187
bois-de-rose.jpg,188
burma-padauk.jpg,189
lignum-vitae.jpg,190
tineo.jpg,191
pitch-pine.jpg,192
paulownia.jpg,193
bigleaf-maple.jpg,194
austrian-pine.jpg,195
sweetgum.jpg,196
gray-birch.jpg,197
turkey-oak.jpg,198
chinaberry.jpg,199
dalmata.jpg,200
cherrybark-oak.jpg,201
castelo-boxwood.jpg,202
chechen.jpg,203
macassar-ebony.jpg,204
ponderosa-pine.jpg,205
dutch-elm.jpg,206
black-walnut.jpg,207
lebbeck.jpg,208
camphor.jpg,209
black-poplar.jpg,210
black-cottonwood.jpg,211
tiete-rosewood.jpg,212
ailanthus.jpg,213
koa.jpg,214
japanese-oak.jpg,215
deglupta.jpg,216
ramin.jpg,217
anigre.jpg,218
yellow-birch.jpg,219
scots-pine.jpg,220
european-lime.jpg,221
scarlet-oak.jpg,222
lemonwood.jpg,223
ocote-pine.jpg,224
queenwood.jpg,225
pau-santo.jpg,226
cocobolo.jpg,227
mountain-hemlock.jpg,228
sweet-birch.jpg,229
european-larch.jpg,230
buckthorn.jpg,231
alaska-paper-birch.jpg,232
virginia-pine.jpg,233
lodgepole-pine.jpg,234
marblewood.jpg,235
honduran-mahogany.jpg,236
keruing.jpg,237
raspberry-jam.jpg,238
shumard-oak.jpg,239
sassafras.jpg,240
field-maple.jpg,241
sugi.jpg,242
tornillo.jpg,243
sycamore-maple.jpg,244
white-oak.jpg,245
blue-mahoe.jpg,246
crack-willow.jpg,247
black-willow.jpg,248
panga-panga.jpg,249
port-orford-cedar.jpg,250
queensland-walnut.jpg,251
boxwood.jpg,252
imbuia.jpg,253
jack-pine.jpg,254
nepalese-alder.jpg,255
partridgewood.jpg,256
basswood.jpg,257
macadamia-nut.jpg,258
eastern-white-pine.jpg,259
claro-walnut.jpg,260
oregon-white-oak.jpg,261
brown-ebony.jpg,262
ohia.jpg,263
white-spruce.jpg,264
noble-fir.jpg,265
overcup-oak.jpg,266
rubberwood.jpg,267
swamp-chestnut-oak.jpg,268
mopane.jpg,269
aromatic-red-cedar.jpg,270
black-oak.jpg,271
moabi.jpg,272
cocuswood.jpg,273
japanese-larch.jpg,274
subalpine-fir.jpg,275
european-alder.jpg,276
messmate.jpg,277
black-mesquite.jpg,278
idigbo.jpg,279
nargusta.jpg,280
peruvian-walnut.jpg,281
timborana.jpg,282
mango.jpg,283
australian-cypress.jpg,284
rose-gum.jpg,285
american-beech.jpg,286
brazilwood.jpg,287
lilac.jpg,288
burmese-rosewood.jpg,289
western-larch.jpg,290
louro-preto.jpg,291
butternut.jpg,292
abura.jpg,293
mexican-cypress.jpg,294
green-ash.jpg,295
wenge.jpg,296
siamese-rosewood.jpg,297
machiche.jpg,298
honey-locust.jpg,299
garapa.jpg,300
longleaf-pine.jpg,301
freijo.jpg,302
shagbark-hickory.jpg,303
makore.jpg,304
redheart.jpg,305
ekki.jpg,306
leadwood.jpg,307
northern-silky-oak.jpg,308
norfolk-island-pine.jpg,309
monkeypod.jpg,310
quebracho.jpg,311
ovangkol.jpg,312
brownheart.jpg,313
english-holly.jpg,314
patula-pine.jpg,315
olive.jpg,316
bosse.jpg,317
curupay.jpg,318
apricot.jpg,319
blackheart-sassafras.jpg,320
myrtle.jpg,321
alder-leaf-birch.jpg,322
lemon-scented-gum.jpg,323
ceylon-ebony.jpg,324
leopardwood.jpg,325
primavera.jpg,326
white-willow.jpg,327
hophornbeam.jpg,328
mangium.jpg,329
muninga.jpg,330
limber-pine.jpg,331
european-silver-fir.jpg,332
giant-chinkapin.jpg,333
silver-birch.jpg,334
mun-ebony.jpg,335
sessile-oak.jpg,336
teak.jpg,337
apple.jpg,338
laurel-oak.jpg,339
sissoo.jpg,340
northern-white-cedar.jpg,341
andiroba.jpg,342
bur-oak.jpg,343
silver-maple.jpg,344
english-elm.jpg,345
tamarind.jpg,346
huon-pine.jpg,347
pyinma.jpg,348
paldao.jpg,349
quina.jpg,350
gidgee.jpg,351
pacific-yew.jpg,352
bulletwood.jpg,353
indian-laurel.jpg,354
dark-red-meranti.jpg,355
hoop-pine.jpg,356
water-tupelo.jpg,357
river-birch.jpg,358
anjan.jpg,359
canarywood.jpg,360
madagascar-rosewood.jpg,361
southern-red-oak.jpg,362
african-blackwood.jpg,363
macacauba.jpg,364
tigre-caspi.jpg,365
norway-maple.jpg,366
pau-ferro.jpg,367
cypress.jpg,368
table-mountain-pine.jpg,369
mora.jpg,370
cedar-elm.jpg,371
paper-birch.jpg,372
downy-birch.jpg,373
new-guinea-walnut.jpg,374
indian-silver-greywood.jpg,375
white-poplar.jpg,376
pecan.jpg,377
sweet-cherry.jpg,378
dogwood.jpg,379
spotted-gum.jpg,380
pear.jpg,381
water-hickory.jpg,382
river-red-gum.jpg,383
leyland-cypress.jpg,384
bigtooth-aspen.jpg,385
eastern-hemlock.jpg,386
african-walnut.jpg,387
jarrah.jpg,388
live-oak.jpg,389
hackberry.jpg,390
african-mesquite.jpg,391
wamara.jpg,392
obeche.jpg,393
east-indian-satinwood.jpg,394
burmese-blackwood.jpg,395
coffeetree.jpg,396
zebrawood.jpg,397
sheoak.jpg,398
araracanga.jpg,399
white-ash.jpg,400
catalpa.jpg,401
persimmon.jpg,402
balsa.jpg,403
caribbean-pine.jpg,404
pumpkin-ash.jpg,405
cumaru.jpg,406
southern-redcedar.jpg,407
striped-maple.jpg,408
lancewood.jpg,409
algarrobo-blanco.jpg,410
radiata-pine.jpg,411
bastogne-walnut.jpg,412
texas-ebony.jpg,413
etimoe.jpg,414
mimosa.jpg,415
pheasantwood.jpg,416
